prénom,nom,email,societe,date_naissance,adresse,code_postal,ville,telephone
,SuperAdmin,,,,,,,
Jean,Dupont,jean.dupont@email.com,"Société X",1990-05-10,"10 rue de la Liberté",75001,Paris,0123456789
Claire,Martin,claire.martin@email.com,"Société Y",1985-11-20,"5 avenue des Champs",69001,Lyon,0987654321
Pierre,Lemoine,pierre.lemoine@email.com,"Société X",1992-02-25,"15 rue de la Paix",13001,Marseille,0147258369
Sophie,Durand,sophie.durand@email.com,"Société Z",1988-07-13,"3 rue Victor Hugo",33000,Bordeaux,0156789123
Luc,Rousseau,luc.rousseau@email.com,"Société Y",1995-01-30,"22 rue de la République",75010,Paris,0141527635
Alice,Benoit,alice.benoit@email.com,"Société Z",1991-04-08,"7 rue des Roses",13002,Marseille,0165487932
Marc,Marchand,marc.marchand@email.com,"Société X",1987-12-25,"1 rue de la République",75002,Paris,0174568912
Marc,Duval,marc.duval@email.com,"Société A",1988-01-20,"1 rue de Paris",75001,Paris,0123456789
Sophie,Leclerc,sophie.leclerc@email.com,"Société B",1990-05-10,"10 avenue des Champs",69001,Lyon,0987654321
Jacques,Bernard,jacques.bernard@email.com,"Société D",1992-09-07,"15 rue de la République",75002,Paris,0165487932
Sophie,Petit,sophie.petit@email.com,"Société E",1993-04-25,"12 rue des Fleurs",13001,Marseille,0173456891
Isabelle,Dubois,isabelle.dubois@email.com,"Société G",1990-08-17,"3 rue des Sablons",75003,Paris,0174398592
François,Moreau,francois.moreau@email.com,"Société H",1986-02-28,"4 rue du Faubourg",75004,Paris,0167854293
Alice,Thompson,alice.thompson@email.com,"Société J",1985-06-30,"9 boulevard des Capucines",69002,Lyon,0189257734
Élise,Blanc,elise.blanc@email.com,"Société K",1992-11-12,"5 rue des Roses",75005,Paris,0145638392
Nadia,Girard,nadia.girard@email.com,"Société L",1991-02-18,"11 avenue des Champs",13004,Marseille,0178369512
Jean,Leclerc,jean.leclerc@email.com,"Société M",1993-07-09,"2 rue du Parc",69004,Lyon,0156781293
Isabelle,Laurent,isabelle.laurent@email.com,"Société N",1989-04-02,"14 rue du Général",13005,Marseille,0194563278
Guillaume,Chevalier,guillaume.chevalier@email.com,"Société O",1980-05-10,"18 rue de la Liberté",69006,Lyon,0162394850
Sylvain,Dumas,sylvain.dumas@email.com,"Société Q",1992-05-23,"6 rue de Verdun",13006,Marseille,0165238719
Caroline,Roche,caroline.roche@email.com,"Société R",1988-10-11,"2 boulevard St-Germain",69007,Lyon,0187654321
Michel,Vidal,michel.vidal@email.com,"Société S",1990-01-22,"1 rue de l'Église",75007,Paris,0174238695
Catherine,Fournier,catherine.fournier@email.com,"Société T",1980-06-25,"5 avenue de la Liberté",69008,Lyon,0147789456
Frédéric,Germain,frederic.germain@email.com,"Société U",1991-04-12,"12 rue du Faubourg",13007,Marseille,0147889456
Thomas,David,thomas.david@email.com,"Société V",1987-11-25,"7 rue de l'Université",69009,Lyon,0165983742
Martine,Picard,martine.picard@email.com,"Société W",1994-03-11,"10 rue de la République",75008,Paris,0174568912
Robert,Picard,robert.picard@email.com,"Société X",1989-01-12,"4 rue du Parc",13008,Marseille,0162394850
Pierre,Rey,pierre.rey@email.com,"Société Y",1993-05-06,"16 rue du Soleil",69010,Lyon,0141527635
Élodie,Blanc,elodie.blanc@email.com,"Société Z",1982-11-15,"8 avenue des Champs",13009,Marseille,0145863490
François,Henri,francois.henri@email.com,"Société AA",1985-02-07,"14 rue de l'Église",75009,Paris,0174398592
Michel,Carre,michel.carre@email.com,"Société AB",1990-12-20,"11 rue des Roses",69011,Lyon,0189257734
Julie,Morin,julie.morin@email.com,"Société AC",1991-02-10,"3 avenue du Général",13010,Marseille,0141527635
Victor,Lemoine,victor.lemoine@email.com,"Société AD",1987-05-30,"5 boulevard St-Germain",69012,Lyon,0165983742
Alice,Delacroix,alice.delacroix@email.com,"Société AE",1989-08-18,"8 avenue de Verdun",13011,Marseille,0174568912
